{"train_acc": [96.87212775735294, 97.32019761029412, 97.34030330882354, 97.50689338235294, 97.55284926470588, 97.86592371323529, 97.87741268382354, 97.79986213235294, 97.8314568014706, 97.90900735294117, 97.76826746323529, 97.94921875, 98.00666360294117, 98.0755974264706, 98.00953584558823, 98.06123621323529, 98.07846966911765, 98.13017003676471, 98.25080422794117, 98.046875, 98.2134650735294, 98.13878676470588, 98.13591452205883, 98.11293658088235, 98.13591452205883, 98.2134650735294, 97.998046875, 98.20197610294117, 98.2622931985294, 98.12729779411765, 98.20772058823529, 98.17038143382354, 98.2134650735294, 98.1732536764706, 98.3111213235294, 98.193359375, 98.30537683823529, 98.2622931985294, 98.19910386029412, 98.193359375, 98.37143841911765, 98.29676011029412, 98.34271599264706, 98.32548253676471, 98.25080422794117, 98.32835477941177, 98.27952665441177, 98.21059283088235, 98.29388786764706, 98.39154411764706], "train_loss": [0.09687440079527304, 0.08383240309708259, 0.08224622146500384, 0.0763284634141361, 0.07610758585745797, 0.06794457712813336, 0.06792772843447678, 0.06852775301291224, 0.0675536788013928, 0.06643489268882309, 0.06895609399961199, 0.06605325414634802, 0.0651064052739564, 0.06400641049806248, 0.0639856439357733, 0.06268789072740166, 0.06327296897549839, 0.06128099219709197, 0.059730501393513644, 0.06272120960056782, 0.060166626881041074, 0.0595996465314837, 0.05937098254285315, 0.060684848837006616, 0.058064734166049785, 0.05852161516325877, 0.06168058410506038, 0.058346287963692754, 0.05875758600749952, 0.060055758612339985, 0.058157142101074845, 0.059299089795197636, 0.057839346200446874, 0.058135987793588466, 0.05684349401032224, 0.05896397093858789, 0.05613038309521096, 0.055770692744237536, 0.05719392883646138, 0.05802979991387795, 0.05533015491057407, 0.05523188475190716, 0.05577571603798253, 0.05586438753423007, 0.05789246645701282, 0.056490152512731796, 0.05569936239215381, 0.05795411106801646, 0.05604925859883866, 0.05542488356449587], "wm_acc": [62.0, 85.5, 94.0, 96.5, 96.0, 97.0, 97.0, 97.5, 97.5, 98.5, 98.5, 98.0, 99.0, 99.0, 99.5, 99.0, 99.0, 99.5, 99.5, 99.5, 99.5, 99.5, 99.5, 99.5, 99.5, 99.5, 99.5, 99.5, 99.5, 100.0, 100.0, 100.0, 100.0, 100.0, 100.0, 100.0, 100.0, 100.0, 100.0, 100.0, 100.0, 100.0, 100.0, 100.0, 100.0, 100.0, 100.0, 100.0, 100.0, 100.0], "wm_loss": [3.353590798377991, 0.8201284027099609, 0.3756780242919922, 0.2173482497781515, 0.1995783144235611, 0.17673048362135887, 0.14613901387900113, 0.12327806517481804, 0.10665760472416878, 0.09774061630945653, 0.08835597148165107, 0.09426738683134317, 0.06989165775477886, 0.07265618205070495, 0.034899296313524245, 0.03954457402229309, 0.03643737107515335, 0.03287773663178086, 0.03279273096472025, 0.03179783180821687, 0.026852945555001496, 0.029587662518024443, 0.025257199835032225, 0.02693976791575551, 0.023822753441054376, 0.02235784297809005, 0.024714856132086425, 0.021682671564631165, 0.023163450807332994, 0.009143175221979619, 0.009886957299895584, 0.013900297759100795, 0.012966532049467787, 0.009577008802443743, 0.012330930260941387, 0.01224212466739118, 0.012936179880052806, 0.011757507771253586, 0.007212402778677642, 0.008051001578569411, 0.009503956362605094, 0.010120512545108795, 0.009771060962229967, 0.008664993718266487, 0.009535701246932149, 0.011012609228491782, 0.00752010871656239, 0.010125609058886766, 0.008855561665259302, 0.008959844280034303], "test_acc": [0.8521852185218521, 0.8423842384238424, 0.8402840284028403, 0.8564856485648565, 0.857985798579858, 0.856985698569857, 0.8572857285728572, 0.8570857085708571, 0.858085808580858, 0.8563856385638564, 0.8588858885888588, 0.8584858485848584, 0.8591859185918592, 0.8542854285428543, 0.8593859385938594, 0.8596859685968596, 0.8577857785778578, 0.8596859685968596, 0.858085808580858, 0.8582858285828583, 0.8583858385838584, 0.8582858285828583, 0.8573857385738574, 0.86008600860086, 0.8575857585758576, 0.8583858385838584, 0.8558855885588559, 0.8574857485748575, 0.8537853785378537, 0.8581858185818582, 0.8591859185918592, 0.8573857385738574, 0.858985898589859, 0.8573857385738574, 0.8590859085908591, 0.8594859485948595, 0.8573857385738574, 0.8562856285628563, 0.8605860586058606, 0.8596859685968596, 0.857985798579858, 0.8607860786078608, 0.8610861086108611, 0.8571857185718572, 0.8594859485948595, 0.8582858285828583, 0.8613861386138614, 0.8593859385938594, 0.8578857885788579, 0.8607860786078608]}