{"wm_acc": 0.02, "test_acc": 0.8607860786078608, "time": 730.7923200130463}